jmeter0000@gramola.test,hola1111
jmeter0001@gramola.test,hola1111
jmeter0002@gramola.test,hola1111
jmeter0003@gramola.test,hola1111
jmeter0004@gramola.test,hola1111
jmeter0005@gramola.test,hola1111
jmeter0006@gramola.test,hola1111
jmeter0007@gramola.test,hola1111
jmeter0008@gramola.test,hola1111
jmeter0009@gramola.test,hola1111
jmeter0010@gramola.test,hola1111
jmeter0011@gramola.test,hola1111
jmeter0012@gramola.test,hola1111
jmeter0013@gramola.test,hola1111
jmeter0014@gramola.test,hola1111
jmeter0015@gramola.test,hola1111
jmeter0016@gramola.test,hola1111
jmeter0017@gramola.test,hola1111
jmeter0018@gramola.test,hola1111
jmeter0019@gramola.test,hola1111
jmeter0020@gramola.test,hola1111
jmeter0021@gramola.test,hola1111
jmeter0022@gramola.test,hola1111
jmeter0023@gramola.test,hola1111
jmeter0024@gramola.test,hola1111
jmeter0025@gramola.test,hola1111
jmeter0026@gramola.test,hola1111
jmeter0027@gramola.test,hola1111
jmeter0028@gramola.test,hola1111
jmeter0029@gramola.test,hola1111
jmeter0030@gramola.test,hola1111
jmeter0031@gramola.test,hola1111
jmeter0032@gramola.test,hola1111
jmeter0033@gramola.test,hola1111
jmeter0034@gramola.test,hola1111
jmeter0035@gramola.test,hola1111
jmeter0036@gramola.test,hola1111
jmeter0037@gramola.test,hola1111
jmeter0038@gramola.test,hola1111
jmeter0039@gramola.test,hola1111
jmeter0040@gramola.test,hola1111
jmeter0041@gramola.test,hola1111
jmeter0042@gramola.test,hola1111
jmeter0043@gramola.test,hola1111
jmeter0044@gramola.test,hola1111
jmeter0045@gramola.test,hola1111
jmeter0046@gramola.test,hola1111
jmeter0047@gramola.test,hola1111
jmeter0048@gramola.test,hola1111
jmeter0049@gramola.test,hola1111
jmeter0050@gramola.test,hola1111
jmeter0051@gramola.test,hola1111
jmeter0052@gramola.test,hola1111
jmeter0053@gramola.test,hola1111
jmeter0054@gramola.test,hola1111
jmeter0055@gramola.test,hola1111
jmeter0056@gramola.test,hola1111
jmeter0057@gramola.test,hola1111
jmeter0058@gramola.test,hola1111
jmeter0059@gramola.test,hola1111
jmeter0060@gramola.test,hola1111
jmeter0061@gramola.test,hola1111
jmeter0062@gramola.test,hola1111
jmeter0063@gramola.test,hola1111
jmeter0064@gramola.test,hola1111
jmeter0065@gramola.test,hola1111
jmeter0066@gramola.test,hola1111
jmeter0067@gramola.test,hola1111
jmeter0068@gramola.test,hola1111
jmeter0069@gramola.test,hola1111
jmeter0070@gramola.test,hola1111
jmeter0071@gramola.test,hola1111
jmeter0072@gramola.test,hola1111
jmeter0073@gramola.test,hola1111
jmeter0074@gramola.test,hola1111
jmeter0075@gramola.test,hola1111
jmeter0076@gramola.test,hola1111
jmeter0077@gramola.test,hola1111
jmeter0078@gramola.test,hola1111
jmeter0079@gramola.test,hola1111
jmeter0080@gramola.test,hola1111
jmeter0081@gramola.test,hola1111
jmeter0082@gramola.test,hola1111
jmeter0083@gramola.test,hola1111
jmeter0084@gramola.test,hola1111
jmeter0085@gramola.test,hola1111
jmeter0086@gramola.test,hola1111
jmeter0087@gramola.test,hola1111
jmeter0088@gramola.test,hola1111
jmeter0089@gramola.test,hola1111
jmeter0090@gramola.test,hola1111
jmeter0091@gramola.test,hola1111
jmeter0092@gramola.test,hola1111
jmeter0093@gramola.test,hola1111
jmeter0094@gramola.test,hola1111
jmeter0095@gramola.test,hola1111
jmeter0096@gramola.test,hola1111
jmeter0097@gramola.test,hola1111
jmeter0098@gramola.test,hola1111
jmeter0099@gramola.test,hola1111
jmeter0100@gramola.test,hola1111
jmeter0101@gramola.test,hola1111
jmeter0102@gramola.test,hola1111
jmeter0103@gramola.test,hola1111
jmeter0104@gramola.test,hola1111
jmeter0105@gramola.test,hola1111
jmeter0106@gramola.test,hola1111
jmeter0107@gramola.test,hola1111
jmeter0108@gramola.test,hola1111
jmeter0109@gramola.test,hola1111
jmeter0110@gramola.test,hola1111
jmeter0111@gramola.test,hola1111
jmeter0112@gramola.test,hola1111
jmeter0113@gramola.test,hola1111
jmeter0114@gramola.test,hola1111
jmeter0115@gramola.test,hola1111
jmeter0116@gramola.test,hola1111
jmeter0117@gramola.test,hola1111
jmeter0118@gramola.test,hola1111
jmeter0119@gramola.test,hola1111
jmeter0120@gramola.test,hola1111
jmeter0121@gramola.test,hola1111
jmeter0122@gramola.test,hola1111
jmeter0123@gramola.test,hola1111
jmeter0124@gramola.test,hola1111
jmeter0125@gramola.test,hola1111
jmeter0126@gramola.test,hola1111
jmeter0127@gramola.test,hola1111
jmeter0128@gramola.test,hola1111
jmeter0129@gramola.test,hola1111
jmeter0130@gramola.test,hola1111
jmeter0131@gramola.test,hola1111
jmeter0132@gramola.test,hola1111
jmeter0133@gramola.test,hola1111
jmeter0134@gramola.test,hola1111
jmeter0135@gramola.test,hola1111
jmeter0136@gramola.test,hola1111
jmeter0137@gramola.test,hola1111
jmeter0138@gramola.test,hola1111
jmeter0139@gramola.test,hola1111
jmeter0140@gramola.test,hola1111
jmeter0141@gramola.test,hola1111
jmeter0142@gramola.test,hola1111
jmeter0143@gramola.test,hola1111
jmeter0144@gramola.test,hola1111
jmeter0145@gramola.test,hola1111
jmeter0146@gramola.test,hola1111
jmeter0147@gramola.test,hola1111
jmeter0148@gramola.test,hola1111
jmeter0149@gramola.test,hola1111
jmeter0150@gramola.test,hola1111
jmeter0151@gramola.test,hola1111
jmeter0152@gramola.test,hola1111
jmeter0153@gramola.test,hola1111
jmeter0154@gramola.test,hola1111
jmeter0155@gramola.test,hola1111
jmeter0156@gramola.test,hola1111
jmeter0157@gramola.test,hola1111
jmeter0158@gramola.test,hola1111
jmeter0159@gramola.test,hola1111
jmeter0160@gramola.test,hola1111
jmeter0161@gramola.test,hola1111
jmeter0162@gramola.test,hola1111
jmeter0163@gramola.test,hola1111
jmeter0164@gramola.test,hola1111
jmeter0165@gramola.test,hola1111
jmeter0166@gramola.test,hola1111
jmeter0167@gramola.test,hola1111
jmeter0168@gramola.test,hola1111
jmeter0169@gramola.test,hola1111
jmeter0170@gramola.test,hola1111
jmeter0171@gramola.test,hola1111
jmeter0172@gramola.test,hola1111
jmeter0173@gramola.test,hola1111
jmeter0174@gramola.test,hola1111
jmeter0175@gramola.test,hola1111
jmeter0176@gramola.test,hola1111
jmeter0177@gramola.test,hola1111
jmeter0178@gramola.test,hola1111
jmeter0179@gramola.test,hola1111
jmeter0180@gramola.test,hola1111
jmeter0181@gramola.test,hola1111
jmeter0182@gramola.test,hola1111
jmeter0183@gramola.test,hola1111
jmeter0184@gramola.test,hola1111
jmeter0185@gramola.test,hola1111
jmeter0186@gramola.test,hola1111
jmeter0187@gramola.test,hola1111
jmeter0188@gramola.test,hola1111
jmeter0189@gramola.test,hola1111
jmeter0190@gramola.test,hola1111
jmeter0191@gramola.test,hola1111
jmeter0192@gramola.test,hola1111
jmeter0193@gramola.test,hola1111
jmeter0194@gramola.test,hola1111
jmeter0195@gramola.test,hola1111
jmeter0196@gramola.test,hola1111
jmeter0197@gramola.test,hola1111
jmeter0198@gramola.test,hola1111
jmeter0199@gramola.test,hola1111
jmeter0200@gramola.test,hola1111
jmeter0201@gramola.test,hola1111
jmeter0202@gramola.test,hola1111
jmeter0203@gramola.test,hola1111
jmeter0204@gramola.test,hola1111
jmeter0205@gramola.test,hola1111
jmeter0206@gramola.test,hola1111
jmeter0207@gramola.test,hola1111
jmeter0208@gramola.test,hola1111
jmeter0209@gramola.test,hola1111
jmeter0210@gramola.test,hola1111
jmeter0211@gramola.test,hola1111
jmeter0212@gramola.test,hola1111
jmeter0213@gramola.test,hola1111
jmeter0214@gramola.test,hola1111
jmeter0215@gramola.test,hola1111
jmeter0216@gramola.test,hola1111
jmeter0217@gramola.test,hola1111
jmeter0218@gramola.test,hola1111
jmeter0219@gramola.test,hola1111
jmeter0220@gramola.test,hola1111
jmeter0221@gramola.test,hola1111
jmeter0222@gramola.test,hola1111
jmeter0223@gramola.test,hola1111
jmeter0224@gramola.test,hola1111
jmeter0225@gramola.test,hola1111
jmeter0226@gramola.test,hola1111
jmeter0227@gramola.test,hola1111
jmeter0228@gramola.test,hola1111
jmeter0229@gramola.test,hola1111
jmeter0230@gramola.test,hola1111
jmeter0231@gramola.test,hola1111
jmeter0232@gramola.test,hola1111
jmeter0233@gramola.test,hola1111
jmeter0234@gramola.test,hola1111
jmeter0235@gramola.test,hola1111
jmeter0236@gramola.test,hola1111
jmeter0237@gramola.test,hola1111
jmeter0238@gramola.test,hola1111
jmeter0239@gramola.test,hola1111
jmeter0240@gramola.test,hola1111
jmeter0241@gramola.test,hola1111
jmeter0242@gramola.test,hola1111
jmeter0243@gramola.test,hola1111
jmeter0244@gramola.test,hola1111
jmeter0245@gramola.test,hola1111
jmeter0246@gramola.test,hola1111
jmeter0247@gramola.test,hola1111
jmeter0248@gramola.test,hola1111
jmeter0249@gramola.test,hola1111
jmeter0250@gramola.test,hola1111
jmeter0251@gramola.test,hola1111
jmeter0252@gramola.test,hola1111
jmeter0253@gramola.test,hola1111
jmeter0254@gramola.test,hola1111
jmeter0255@gramola.test,hola1111
jmeter0256@gramola.test,hola1111
jmeter0257@gramola.test,hola1111
jmeter0258@gramola.test,hola1111
jmeter0259@gramola.test,hola1111
jmeter0260@gramola.test,hola1111
jmeter0261@gramola.test,hola1111
jmeter0262@gramola.test,hola1111
jmeter0263@gramola.test,hola1111
jmeter0264@gramola.test,hola1111
jmeter0265@gramola.test,hola1111
jmeter0266@gramola.test,hola1111
jmeter0267@gramola.test,hola1111
jmeter0268@gramola.test,hola1111
jmeter0269@gramola.test,hola1111
jmeter0270@gramola.test,hola1111
jmeter0271@gramola.test,hola1111
jmeter0272@gramola.test,hola1111
jmeter0273@gramola.test,hola1111
jmeter0274@gramola.test,hola1111
jmeter0275@gramola.test,hola1111
jmeter0276@gramola.test,hola1111
jmeter0277@gramola.test,hola1111
jmeter0278@gramola.test,hola1111
jmeter0279@gramola.test,hola1111
jmeter0280@gramola.test,hola1111
jmeter0281@gramola.test,hola1111
jmeter0282@gramola.test,hola1111
jmeter0283@gramola.test,hola1111
jmeter0284@gramola.test,hola1111
jmeter0285@gramola.test,hola1111
jmeter0286@gramola.test,hola1111
jmeter0287@gramola.test,hola1111
jmeter0288@gramola.test,hola1111
jmeter0289@gramola.test,hola1111
jmeter0290@gramola.test,hola1111
jmeter0291@gramola.test,hola1111
jmeter0292@gramola.test,hola1111
jmeter0293@gramola.test,hola1111
jmeter0294@gramola.test,hola1111
jmeter0295@gramola.test,hola1111
jmeter0296@gramola.test,hola1111
jmeter0297@gramola.test,hola1111
jmeter0298@gramola.test,hola1111
jmeter0299@gramola.test,hola1111
jmeter0300@gramola.test,hola1111
jmeter0301@gramola.test,hola1111
jmeter0302@gramola.test,hola1111
jmeter0303@gramola.test,hola1111
jmeter0304@gramola.test,hola1111
jmeter0305@gramola.test,hola1111
jmeter0306@gramola.test,hola1111
jmeter0307@gramola.test,hola1111
jmeter0308@gramola.test,hola1111
jmeter0309@gramola.test,hola1111
jmeter0310@gramola.test,hola1111
jmeter0311@gramola.test,hola1111
jmeter0312@gramola.test,hola1111
jmeter0313@gramola.test,hola1111
jmeter0314@gramola.test,hola1111
jmeter0315@gramola.test,hola1111
jmeter0316@gramola.test,hola1111
jmeter0317@gramola.test,hola1111
jmeter0318@gramola.test,hola1111
jmeter0319@gramola.test,hola1111
jmeter0320@gramola.test,hola1111
jmeter0321@gramola.test,hola1111
jmeter0322@gramola.test,hola1111
jmeter0323@gramola.test,hola1111
jmeter0324@gramola.test,hola1111
jmeter0325@gramola.test,hola1111
jmeter0326@gramola.test,hola1111
jmeter0327@gramola.test,hola1111
jmeter0328@gramola.test,hola1111
jmeter0329@gramola.test,hola1111
jmeter0330@gramola.test,hola1111
jmeter0331@gramola.test,hola1111
jmeter0332@gramola.test,hola1111
jmeter0333@gramola.test,hola1111
jmeter0334@gramola.test,hola1111
jmeter0335@gramola.test,hola1111
jmeter0336@gramola.test,hola1111
jmeter0337@gramola.test,hola1111
jmeter0338@gramola.test,hola1111
jmeter0339@gramola.test,hola1111
jmeter0340@gramola.test,hola1111
jmeter0341@gramola.test,hola1111
jmeter0342@gramola.test,hola1111
jmeter0343@gramola.test,hola1111
jmeter0344@gramola.test,hola1111
jmeter0345@gramola.test,hola1111
jmeter0346@gramola.test,hola1111
jmeter0347@gramola.test,hola1111
jmeter0348@gramola.test,hola1111
jmeter0349@gramola.test,hola1111
jmeter0350@gramola.test,hola1111
jmeter0351@gramola.test,hola1111
jmeter0352@gramola.test,hola1111
jmeter0353@gramola.test,hola1111
jmeter0354@gramola.test,hola1111
jmeter0355@gramola.test,hola1111
jmeter0356@gramola.test,hola1111
jmeter0357@gramola.test,hola1111
jmeter0358@gramola.test,hola1111
jmeter0359@gramola.test,hola1111
jmeter0360@gramola.test,hola1111
jmeter0361@gramola.test,hola1111
jmeter0362@gramola.test,hola1111
jmeter0363@gramola.test,hola1111
jmeter0364@gramola.test,hola1111
jmeter0365@gramola.test,hola1111
jmeter0366@gramola.test,hola1111
jmeter0367@gramola.test,hola1111
jmeter0368@gramola.test,hola1111
jmeter0369@gramola.test,hola1111
jmeter0370@gramola.test,hola1111
jmeter0371@gramola.test,hola1111
jmeter0372@gramola.test,hola1111
jmeter0373@gramola.test,hola1111
jmeter0374@gramola.test,hola1111
jmeter0375@gramola.test,hola1111
jmeter0376@gramola.test,hola1111
jmeter0377@gramola.test,hola1111
jmeter0378@gramola.test,hola1111
jmeter0379@gramola.test,hola1111
jmeter0380@gramola.test,hola1111
jmeter0381@gramola.test,hola1111
jmeter0382@gramola.test,hola1111
jmeter0383@gramola.test,hola1111
jmeter0384@gramola.test,hola1111
jmeter0385@gramola.test,hola1111
jmeter0386@gramola.test,hola1111
jmeter0387@gramola.test,hola1111
jmeter0388@gramola.test,hola1111
jmeter0389@gramola.test,hola1111
jmeter0390@gramola.test,hola1111
jmeter0391@gramola.test,hola1111
jmeter0392@gramola.test,hola1111
jmeter0393@gramola.test,hola1111
jmeter0394@gramola.test,hola1111
jmeter0395@gramola.test,hola1111
jmeter0396@gramola.test,hola1111
jmeter0397@gramola.test,hola1111
jmeter0398@gramola.test,hola1111
jmeter0399@gramola.test,hola1111
jmeter0400@gramola.test,hola1111
jmeter0401@gramola.test,hola1111
jmeter0402@gramola.test,hola1111
jmeter0403@gramola.test,hola1111
jmeter0404@gramola.test,hola1111
jmeter0405@gramola.test,hola1111
jmeter0406@gramola.test,hola1111
jmeter0407@gramola.test,hola1111
jmeter0408@gramola.test,hola1111
jmeter0409@gramola.test,hola1111
jmeter0410@gramola.test,hola1111
jmeter0411@gramola.test,hola1111
jmeter0412@gramola.test,hola1111
jmeter0413@gramola.test,hola1111
jmeter0414@gramola.test,hola1111
jmeter0415@gramola.test,hola1111
jmeter0416@gramola.test,hola1111
jmeter0417@gramola.test,hola1111
jmeter0418@gramola.test,hola1111
jmeter0419@gramola.test,hola1111
jmeter0420@gramola.test,hola1111
jmeter0421@gramola.test,hola1111
jmeter0422@gramola.test,hola1111
jmeter0423@gramola.test,hola1111
jmeter0424@gramola.test,hola1111
jmeter0425@gramola.test,hola1111
jmeter0426@gramola.test,hola1111
jmeter0427@gramola.test,hola1111
jmeter0428@gramola.test,hola1111
jmeter0429@gramola.test,hola1111
jmeter0430@gramola.test,hola1111
jmeter0431@gramola.test,hola1111
jmeter0432@gramola.test,hola1111
jmeter0433@gramola.test,hola1111
jmeter0434@gramola.test,hola1111
jmeter0435@gramola.test,hola1111
jmeter0436@gramola.test,hola1111
jmeter0437@gramola.test,hola1111
jmeter0438@gramola.test,hola1111
jmeter0439@gramola.test,hola1111
jmeter0440@gramola.test,hola1111
jmeter0441@gramola.test,hola1111
jmeter0442@gramola.test,hola1111
jmeter0443@gramola.test,hola1111
jmeter0444@gramola.test,hola1111
jmeter0445@gramola.test,hola1111
jmeter0446@gramola.test,hola1111
jmeter0447@gramola.test,hola1111
jmeter0448@gramola.test,hola1111
jmeter0449@gramola.test,hola1111
jmeter0450@gramola.test,hola1111
jmeter0451@gramola.test,hola1111
jmeter0452@gramola.test,hola1111
jmeter0453@gramola.test,hola1111
jmeter0454@gramola.test,hola1111
jmeter0455@gramola.test,hola1111
jmeter0456@gramola.test,hola1111
jmeter0457@gramola.test,hola1111
jmeter0458@gramola.test,hola1111
jmeter0459@gramola.test,hola1111
jmeter0460@gramola.test,hola1111
jmeter0461@gramola.test,hola1111
jmeter0462@gramola.test,hola1111
jmeter0463@gramola.test,hola1111
jmeter0464@gramola.test,hola1111
jmeter0465@gramola.test,hola1111
jmeter0466@gramola.test,hola1111
jmeter0467@gramola.test,hola1111
jmeter0468@gramola.test,hola1111
jmeter0469@gramola.test,hola1111
jmeter0470@gramola.test,hola1111
jmeter0471@gramola.test,hola1111
jmeter0472@gramola.test,hola1111
jmeter0473@gramola.test,hola1111
jmeter0474@gramola.test,hola1111
jmeter0475@gramola.test,hola1111
jmeter0476@gramola.test,hola1111
jmeter0477@gramola.test,hola1111
jmeter0478@gramola.test,hola1111
jmeter0479@gramola.test,hola1111
jmeter0480@gramola.test,hola1111
jmeter0481@gramola.test,hola1111
jmeter0482@gramola.test,hola1111
jmeter0483@gramola.test,hola1111
jmeter0484@gramola.test,hola1111
jmeter0485@gramola.test,hola1111
jmeter0486@gramola.test,hola1111
jmeter0487@gramola.test,hola1111
jmeter0488@gramola.test,hola1111
jmeter0489@gramola.test,hola1111
jmeter0490@gramola.test,hola1111
jmeter0491@gramola.test,hola1111
jmeter0492@gramola.test,hola1111
jmeter0493@gramola.test,hola1111
jmeter0494@gramola.test,hola1111
jmeter0495@gramola.test,hola1111
jmeter0496@gramola.test,hola1111
jmeter0497@gramola.test,hola1111
jmeter0498@gramola.test,hola1111
jmeter0499@gramola.test,hola1111
jmeter0500@gramola.test,hola1111
jmeter0501@gramola.test,hola1111
jmeter0502@gramola.test,hola1111
jmeter0503@gramola.test,hola1111
jmeter0504@gramola.test,hola1111
jmeter0505@gramola.test,hola1111
jmeter0506@gramola.test,hola1111
jmeter0507@gramola.test,hola1111
jmeter0508@gramola.test,hola1111
jmeter0509@gramola.test,hola1111
jmeter0510@gramola.test,hola1111
jmeter0511@gramola.test,hola1111
jmeter0512@gramola.test,hola1111
jmeter0513@gramola.test,hola1111
jmeter0514@gramola.test,hola1111
jmeter0515@gramola.test,hola1111
jmeter0516@gramola.test,hola1111
jmeter0517@gramola.test,hola1111
jmeter0518@gramola.test,hola1111
jmeter0519@gramola.test,hola1111
jmeter0520@gramola.test,hola1111
jmeter0521@gramola.test,hola1111
jmeter0522@gramola.test,hola1111
jmeter0523@gramola.test,hola1111
jmeter0524@gramola.test,hola1111
jmeter0525@gramola.test,hola1111
jmeter0526@gramola.test,hola1111
jmeter0527@gramola.test,hola1111
jmeter0528@gramola.test,hola1111
jmeter0529@gramola.test,hola1111
jmeter0530@gramola.test,hola1111
jmeter0531@gramola.test,hola1111
jmeter0532@gramola.test,hola1111
jmeter0533@gramola.test,hola1111
jmeter0534@gramola.test,hola1111
jmeter0535@gramola.test,hola1111
jmeter0536@gramola.test,hola1111
jmeter0537@gramola.test,hola1111
jmeter0538@gramola.test,hola1111
jmeter0539@gramola.test,hola1111
jmeter0540@gramola.test,hola1111
jmeter0541@gramola.test,hola1111
jmeter0542@gramola.test,hola1111
jmeter0543@gramola.test,hola1111
jmeter0544@gramola.test,hola1111
jmeter0545@gramola.test,hola1111
jmeter0546@gramola.test,hola1111
jmeter0547@gramola.test,hola1111
jmeter0548@gramola.test,hola1111
jmeter0549@gramola.test,hola1111
jmeter0550@gramola.test,hola1111
jmeter0551@gramola.test,hola1111
jmeter0552@gramola.test,hola1111
jmeter0553@gramola.test,hola1111
jmeter0554@gramola.test,hola1111
jmeter0555@gramola.test,hola1111
jmeter0556@gramola.test,hola1111
jmeter0557@gramola.test,hola1111
jmeter0558@gramola.test,hola1111
jmeter0559@gramola.test,hola1111
jmeter0560@gramola.test,hola1111
jmeter0561@gramola.test,hola1111
jmeter0562@gramola.test,hola1111
jmeter0563@gramola.test,hola1111
jmeter0564@gramola.test,hola1111
jmeter0565@gramola.test,hola1111
jmeter0566@gramola.test,hola1111
jmeter0567@gramola.test,hola1111
jmeter0568@gramola.test,hola1111
jmeter0569@gramola.test,hola1111
jmeter0570@gramola.test,hola1111
jmeter0571@gramola.test,hola1111
jmeter0572@gramola.test,hola1111
jmeter0573@gramola.test,hola1111
jmeter0574@gramola.test,hola1111
jmeter0575@gramola.test,hola1111
jmeter0576@gramola.test,hola1111
jmeter0577@gramola.test,hola1111
jmeter0578@gramola.test,hola1111
jmeter0579@gramola.test,hola1111
jmeter0580@gramola.test,hola1111
jmeter0581@gramola.test,hola1111
jmeter0582@gramola.test,hola1111
jmeter0583@gramola.test,hola1111
jmeter0584@gramola.test,hola1111
jmeter0585@gramola.test,hola1111
jmeter0586@gramola.test,hola1111
jmeter0587@gramola.test,hola1111
jmeter0588@gramola.test,hola1111
jmeter0589@gramola.test,hola1111
jmeter0590@gramola.test,hola1111
jmeter0591@gramola.test,hola1111
jmeter0592@gramola.test,hola1111
jmeter0593@gramola.test,hola1111
jmeter0594@gramola.test,hola1111
jmeter0595@gramola.test,hola1111
jmeter0596@gramola.test,hola1111
jmeter0597@gramola.test,hola1111
jmeter0598@gramola.test,hola1111
jmeter0599@gramola.test,hola1111
jmeter0600@gramola.test,hola1111
jmeter0601@gramola.test,hola1111
jmeter0602@gramola.test,hola1111
jmeter0603@gramola.test,hola1111
jmeter0604@gramola.test,hola1111
jmeter0605@gramola.test,hola1111
jmeter0606@gramola.test,hola1111
jmeter0607@gramola.test,hola1111
jmeter0608@gramola.test,hola1111
jmeter0609@gramola.test,hola1111
jmeter0610@gramola.test,hola1111
jmeter0611@gramola.test,hola1111
jmeter0612@gramola.test,hola1111
jmeter0613@gramola.test,hola1111
jmeter0614@gramola.test,hola1111
jmeter0615@gramola.test,hola1111
jmeter0616@gramola.test,hola1111
jmeter0617@gramola.test,hola1111
jmeter0618@gramola.test,hola1111
jmeter0619@gramola.test,hola1111
jmeter0620@gramola.test,hola1111
jmeter0621@gramola.test,hola1111
jmeter0622@gramola.test,hola1111
jmeter0623@gramola.test,hola1111
jmeter0624@gramola.test,hola1111
jmeter0625@gramola.test,hola1111
jmeter0626@gramola.test,hola1111
jmeter0627@gramola.test,hola1111
jmeter0628@gramola.test,hola1111
jmeter0629@gramola.test,hola1111
jmeter0630@gramola.test,hola1111
jmeter0631@gramola.test,hola1111
jmeter0632@gramola.test,hola1111
jmeter0633@gramola.test,hola1111
jmeter0634@gramola.test,hola1111
jmeter0635@gramola.test,hola1111
jmeter0636@gramola.test,hola1111
jmeter0637@gramola.test,hola1111
jmeter0638@gramola.test,hola1111
jmeter0639@gramola.test,hola1111
jmeter0640@gramola.test,hola1111
jmeter0641@gramola.test,hola1111
jmeter0642@gramola.test,hola1111
jmeter0643@gramola.test,hola1111
jmeter0644@gramola.test,hola1111
jmeter0645@gramola.test,hola1111
jmeter0646@gramola.test,hola1111
jmeter0647@gramola.test,hola1111
jmeter0648@gramola.test,hola1111
jmeter0649@gramola.test,hola1111
jmeter0650@gramola.test,hola1111
jmeter0651@gramola.test,hola1111
jmeter0652@gramola.test,hola1111
jmeter0653@gramola.test,hola1111
jmeter0654@gramola.test,hola1111
jmeter0655@gramola.test,hola1111
jmeter0656@gramola.test,hola1111
jmeter0657@gramola.test,hola1111
jmeter0658@gramola.test,hola1111
jmeter0659@gramola.test,hola1111
jmeter0660@gramola.test,hola1111
jmeter0661@gramola.test,hola1111
jmeter0662@gramola.test,hola1111
jmeter0663@gramola.test,hola1111
jmeter0664@gramola.test,hola1111
jmeter0665@gramola.test,hola1111
jmeter0666@gramola.test,hola1111
jmeter0667@gramola.test,hola1111
jmeter0668@gramola.test,hola1111
jmeter0669@gramola.test,hola1111
jmeter0670@gramola.test,hola1111
jmeter0671@gramola.test,hola1111
jmeter0672@gramola.test,hola1111
jmeter0673@gramola.test,hola1111
jmeter0674@gramola.test,hola1111
jmeter0675@gramola.test,hola1111
jmeter0676@gramola.test,hola1111
jmeter0677@gramola.test,hola1111
jmeter0678@gramola.test,hola1111
jmeter0679@gramola.test,hola1111
jmeter0680@gramola.test,hola1111
jmeter0681@gramola.test,hola1111
jmeter0682@gramola.test,hola1111
jmeter0683@gramola.test,hola1111
jmeter0684@gramola.test,hola1111
jmeter0685@gramola.test,hola1111
jmeter0686@gramola.test,hola1111
jmeter0687@gramola.test,hola1111
jmeter0688@gramola.test,hola1111
jmeter0689@gramola.test,hola1111
jmeter0690@gramola.test,hola1111
jmeter0691@gramola.test,hola1111
jmeter0692@gramola.test,hola1111
jmeter0693@gramola.test,hola1111
jmeter0694@gramola.test,hola1111
jmeter0695@gramola.test,hola1111
jmeter0696@gramola.test,hola1111
jmeter0697@gramola.test,hola1111
jmeter0698@gramola.test,hola1111
jmeter0699@gramola.test,hola1111
jmeter0700@gramola.test,hola1111
jmeter0701@gramola.test,hola1111
jmeter0702@gramola.test,hola1111
jmeter0703@gramola.test,hola1111
jmeter0704@gramola.test,hola1111
jmeter0705@gramola.test,hola1111
jmeter0706@gramola.test,hola1111
jmeter0707@gramola.test,hola1111
jmeter0708@gramola.test,hola1111
jmeter0709@gramola.test,hola1111
jmeter0710@gramola.test,hola1111
jmeter0711@gramola.test,hola1111
jmeter0712@gramola.test,hola1111
jmeter0713@gramola.test,hola1111
jmeter0714@gramola.test,hola1111
jmeter0715@gramola.test,hola1111
jmeter0716@gramola.test,hola1111
jmeter0717@gramola.test,hola1111
jmeter0718@gramola.test,hola1111
jmeter0719@gramola.test,hola1111
jmeter0720@gramola.test,hola1111
jmeter0721@gramola.test,hola1111
jmeter0722@gramola.test,hola1111
jmeter0723@gramola.test,hola1111
jmeter0724@gramola.test,hola1111
jmeter0725@gramola.test,hola1111
jmeter0726@gramola.test,hola1111
jmeter0727@gramola.test,hola1111
jmeter0728@gramola.test,hola1111
jmeter0729@gramola.test,hola1111
jmeter0730@gramola.test,hola1111
jmeter0731@gramola.test,hola1111
jmeter0732@gramola.test,hola1111
jmeter0733@gramola.test,hola1111
jmeter0734@gramola.test,hola1111
jmeter0735@gramola.test,hola1111
jmeter0736@gramola.test,hola1111
jmeter0737@gramola.test,hola1111
jmeter0738@gramola.test,hola1111
jmeter0739@gramola.test,hola1111
jmeter0740@gramola.test,hola1111
jmeter0741@gramola.test,hola1111
jmeter0742@gramola.test,hola1111
jmeter0743@gramola.test,hola1111
jmeter0744@gramola.test,hola1111
jmeter0745@gramola.test,hola1111
jmeter0746@gramola.test,hola1111
jmeter0747@gramola.test,hola1111
jmeter0748@gramola.test,hola1111
jmeter0749@gramola.test,hola1111
jmeter0750@gramola.test,hola1111
jmeter0751@gramola.test,hola1111
jmeter0752@gramola.test,hola1111
jmeter0753@gramola.test,hola1111
jmeter0754@gramola.test,hola1111
jmeter0755@gramola.test,hola1111
jmeter0756@gramola.test,hola1111
jmeter0757@gramola.test,hola1111
jmeter0758@gramola.test,hola1111
jmeter0759@gramola.test,hola1111
jmeter0760@gramola.test,hola1111
jmeter0761@gramola.test,hola1111
jmeter0762@gramola.test,hola1111
jmeter0763@gramola.test,hola1111
jmeter0764@gramola.test,hola1111
jmeter0765@gramola.test,hola1111
jmeter0766@gramola.test,hola1111
jmeter0767@gramola.test,hola1111
jmeter0768@gramola.test,hola1111
jmeter0769@gramola.test,hola1111
jmeter0770@gramola.test,hola1111
jmeter0771@gramola.test,hola1111
jmeter0772@gramola.test,hola1111
jmeter0773@gramola.test,hola1111
jmeter0774@gramola.test,hola1111
jmeter0775@gramola.test,hola1111
jmeter0776@gramola.test,hola1111
jmeter0777@gramola.test,hola1111
jmeter0778@gramola.test,hola1111
jmeter0779@gramola.test,hola1111
jmeter0780@gramola.test,hola1111
jmeter0781@gramola.test,hola1111
jmeter0782@gramola.test,hola1111
jmeter0783@gramola.test,hola1111
jmeter0784@gramola.test,hola1111
jmeter0785@gramola.test,hola1111
jmeter0786@gramola.test,hola1111
jmeter0787@gramola.test,hola1111
jmeter0788@gramola.test,hola1111
jmeter0789@gramola.test,hola1111
jmeter0790@gramola.test,hola1111
jmeter0791@gramola.test,hola1111
jmeter0792@gramola.test,hola1111
jmeter0793@gramola.test,hola1111
jmeter0794@gramola.test,hola1111
jmeter0795@gramola.test,hola1111
jmeter0796@gramola.test,hola1111
jmeter0797@gramola.test,hola1111
jmeter0798@gramola.test,hola1111
jmeter0799@gramola.test,hola1111
jmeter0800@gramola.test,hola1111
jmeter0801@gramola.test,hola1111
jmeter0802@gramola.test,hola1111
jmeter0803@gramola.test,hola1111
jmeter0804@gramola.test,hola1111
jmeter0805@gramola.test,hola1111
jmeter0806@gramola.test,hola1111
jmeter0807@gramola.test,hola1111
jmeter0808@gramola.test,hola1111
jmeter0809@gramola.test,hola1111
jmeter0810@gramola.test,hola1111
jmeter0811@gramola.test,hola1111
jmeter0812@gramola.test,hola1111
jmeter0813@gramola.test,hola1111
jmeter0814@gramola.test,hola1111
jmeter0815@gramola.test,hola1111
jmeter0816@gramola.test,hola1111
jmeter0817@gramola.test,hola1111
jmeter0818@gramola.test,hola1111
jmeter0819@gramola.test,hola1111
jmeter0820@gramola.test,hola1111
jmeter0821@gramola.test,hola1111
jmeter0822@gramola.test,hola1111
jmeter0823@gramola.test,hola1111
jmeter0824@gramola.test,hola1111
jmeter0825@gramola.test,hola1111
jmeter0826@gramola.test,hola1111
jmeter0827@gramola.test,hola1111
jmeter0828@gramola.test,hola1111
jmeter0829@gramola.test,hola1111
jmeter0830@gramola.test,hola1111
jmeter0831@gramola.test,hola1111
jmeter0832@gramola.test,hola1111
jmeter0833@gramola.test,hola1111
jmeter0834@gramola.test,hola1111
jmeter0835@gramola.test,hola1111
jmeter0836@gramola.test,hola1111
jmeter0837@gramola.test,hola1111
jmeter0838@gramola.test,hola1111
jmeter0839@gramola.test,hola1111
jmeter0840@gramola.test,hola1111
jmeter0841@gramola.test,hola1111
jmeter0842@gramola.test,hola1111
jmeter0843@gramola.test,hola1111
jmeter0844@gramola.test,hola1111
jmeter0845@gramola.test,hola1111
jmeter0846@gramola.test,hola1111
jmeter0847@gramola.test,hola1111
jmeter0848@gramola.test,hola1111
jmeter0849@gramola.test,hola1111
jmeter0850@gramola.test,hola1111
jmeter0851@gramola.test,hola1111
jmeter0852@gramola.test,hola1111
jmeter0853@gramola.test,hola1111
jmeter0854@gramola.test,hola1111
jmeter0855@gramola.test,hola1111
jmeter0856@gramola.test,hola1111
jmeter0857@gramola.test,hola1111
jmeter0858@gramola.test,hola1111
jmeter0859@gramola.test,hola1111
jmeter0860@gramola.test,hola1111
jmeter0861@gramola.test,hola1111
jmeter0862@gramola.test,hola1111
jmeter0863@gramola.test,hola1111
jmeter0864@gramola.test,hola1111
jmeter0865@gramola.test,hola1111
jmeter0866@gramola.test,hola1111
jmeter0867@gramola.test,hola1111
jmeter0868@gramola.test,hola1111
jmeter0869@gramola.test,hola1111
jmeter0870@gramola.test,hola1111
jmeter0871@gramola.test,hola1111
jmeter0872@gramola.test,hola1111
jmeter0873@gramola.test,hola1111
jmeter0874@gramola.test,hola1111
jmeter0875@gramola.test,hola1111
jmeter0876@gramola.test,hola1111
jmeter0877@gramola.test,hola1111
jmeter0878@gramola.test,hola1111
jmeter0879@gramola.test,hola1111
jmeter0880@gramola.test,hola1111
jmeter0881@gramola.test,hola1111
jmeter0882@gramola.test,hola1111
jmeter0883@gramola.test,hola1111
jmeter0884@gramola.test,hola1111
jmeter0885@gramola.test,hola1111
jmeter0886@gramola.test,hola1111
jmeter0887@gramola.test,hola1111
jmeter0888@gramola.test,hola1111
jmeter0889@gramola.test,hola1111
jmeter0890@gramola.test,hola1111
jmeter0891@gramola.test,hola1111
jmeter0892@gramola.test,hola1111
jmeter0893@gramola.test,hola1111
jmeter0894@gramola.test,hola1111
jmeter0895@gramola.test,hola1111
jmeter0896@gramola.test,hola1111
jmeter0897@gramola.test,hola1111
jmeter0898@gramola.test,hola1111
jmeter0899@gramola.test,hola1111
jmeter0900@gramola.test,hola1111
jmeter0901@gramola.test,hola1111
jmeter0902@gramola.test,hola1111
jmeter0903@gramola.test,hola1111
jmeter0904@gramola.test,hola1111
jmeter0905@gramola.test,hola1111
jmeter0906@gramola.test,hola1111
jmeter0907@gramola.test,hola1111
jmeter0908@gramola.test,hola1111
jmeter0909@gramola.test,hola1111
jmeter0910@gramola.test,hola1111
jmeter0911@gramola.test,hola1111
jmeter0912@gramola.test,hola1111
jmeter0913@gramola.test,hola1111
jmeter0914@gramola.test,hola1111
jmeter0915@gramola.test,hola1111
jmeter0916@gramola.test,hola1111
jmeter0917@gramola.test,hola1111
jmeter0918@gramola.test,hola1111
jmeter0919@gramola.test,hola1111
jmeter0920@gramola.test,hola1111
jmeter0921@gramola.test,hola1111
jmeter0922@gramola.test,hola1111
jmeter0923@gramola.test,hola1111
jmeter0924@gramola.test,hola1111
jmeter0925@gramola.test,hola1111
jmeter0926@gramola.test,hola1111
jmeter0927@gramola.test,hola1111
jmeter0928@gramola.test,hola1111
jmeter0929@gramola.test,hola1111
jmeter0930@gramola.test,hola1111
jmeter0931@gramola.test,hola1111
jmeter0932@gramola.test,hola1111
jmeter0933@gramola.test,hola1111
jmeter0934@gramola.test,hola1111
jmeter0935@gramola.test,hola1111
jmeter0936@gramola.test,hola1111
jmeter0937@gramola.test,hola1111
jmeter0938@gramola.test,hola1111
jmeter0939@gramola.test,hola1111
jmeter0940@gramola.test,hola1111
jmeter0941@gramola.test,hola1111
jmeter0942@gramola.test,hola1111
jmeter0943@gramola.test,hola1111
jmeter0944@gramola.test,hola1111
jmeter0945@gramola.test,hola1111
jmeter0946@gramola.test,hola1111
jmeter0947@gramola.test,hola1111
jmeter0948@gramola.test,hola1111
jmeter0949@gramola.test,hola1111
jmeter0950@gramola.test,hola1111
jmeter0951@gramola.test,hola1111
jmeter0952@gramola.test,hola1111
jmeter0953@gramola.test,hola1111
jmeter0954@gramola.test,hola1111
jmeter0955@gramola.test,hola1111
jmeter0956@gramola.test,hola1111
jmeter0957@gramola.test,hola1111
jmeter0958@gramola.test,hola1111
jmeter0959@gramola.test,hola1111
jmeter0960@gramola.test,hola1111
jmeter0961@gramola.test,hola1111
jmeter0962@gramola.test,hola1111
jmeter0963@gramola.test,hola1111
jmeter0964@gramola.test,hola1111
jmeter0965@gramola.test,hola1111
jmeter0966@gramola.test,hola1111
jmeter0967@gramola.test,hola1111
jmeter0968@gramola.test,hola1111
jmeter0969@gramola.test,hola1111
jmeter0970@gramola.test,hola1111
jmeter0971@gramola.test,hola1111
jmeter0972@gramola.test,hola1111
jmeter0973@gramola.test,hola1111
jmeter0974@gramola.test,hola1111
jmeter0975@gramola.test,hola1111
jmeter0976@gramola.test,hola1111
jmeter0977@gramola.test,hola1111
jmeter0978@gramola.test,hola1111
jmeter0979@gramola.test,hola1111
jmeter0980@gramola.test,hola1111
jmeter0981@gramola.test,hola1111
jmeter0982@gramola.test,hola1111
jmeter0983@gramola.test,hola1111
jmeter0984@gramola.test,hola1111
jmeter0985@gramola.test,hola1111
jmeter0986@gramola.test,hola1111
jmeter0987@gramola.test,hola1111
jmeter0988@gramola.test,hola1111
jmeter0989@gramola.test,hola1111
jmeter0990@gramola.test,hola1111
jmeter0991@gramola.test,hola1111
jmeter0992@gramola.test,hola1111
jmeter0993@gramola.test,hola1111
jmeter0994@gramola.test,hola1111
jmeter0995@gramola.test,hola1111
jmeter0996@gramola.test,hola1111
jmeter0997@gramola.test,hola1111
jmeter0998@gramola.test,hola1111
